Year,Avg Annual Rainfall
2000,5.246076504758374
2001,5.107953149001536
2002,4.323987455197133
2003,3.1227496159754224
2004,5.763790322580644
2005,6.593145161290323
2006,7.077849462365592
2007,7.972706093189963
2008,4.6000880608083055
2009,5.742670250896058
2010,6.467526881720431
