Year,Avg Annual Rainfall
2000,5.246076504758374
2001,5.107953149001536
2002,4.323987455197133
2003,3.1227496159754224
2004,5.763790322580644
2005,6.593145161290323
2006,7.077849462365592
2007,7.972706093189963
2008,4.6000880608083055
2009,5.742670250896058
2010,6.467526881720431
2011,6.912747055811572
2012,4.310116487455197
2013,7.605231694828469
2014,0.0
2015,4.496870199692781
2016,3.96644265232975
2017,4.960394265232975
2018,9.33557091653866
2019,8.056066308243729
